threads,sequential_time(ms),threaded_time(ms)
1,1.07206,1.253197
2,1.07628,0.775073
3,1.06895,0.640127
4,1.08267,0.590423
