processes,wall_time,cpu_time
1,24.599999,24.530690
2,13.097425,13.056239
4,6.856957,6.826519
8,4.919895,4.699341
16,4.386768,3.921493
