processes,wall_time,cpu_time
1,3.482431,3.472017
2,1.922096,1.916375
4,1.007992,1.004279
8,0.699415,0.696723
16,0.521216,0.517966
