threads,time
1,0.44459
2,0.219916
4,0.112785
8,0.0652257
16,0.0593815
